芳名01.wak,山田家,1,あい,,,,,,
芳名02.wak,山田家,1,ああ,いい,,,,,
芳名03.wak,山田家,1,かか,きき,くく,,,,
芳名01.wak,山田,1,山田　用事,,,,,,,,,,
芳名02.wak,山田　他党,1,山田　お蔵,,,,,,,,,,
芳名03.wak,山田　他党,1,轟　太郎,龍　墾　陶,?,,,,,,,,
芳名01.wak,,1,あい,,,,,,,,,,
芳名01.wak,ai,1,あい,,,,,,,,,,
芳名02.wak,ai,1,aa,aa,,,,,,,,,
芳名01.wak,山本,1,海,,,,,,,,,,
芳名02.wak,山本,1,あいう,かきく,,,,,,,,,
生花01.WAK,佐藤,1,兄弟一同,,,,,,,,,,
芳名01.wak,大山,1,海,,,,,,,,,,
芳名01.wak,大山,1,海,,,,,,,,,,
芳名01.wak,吉田,1,海,,,,,,,,,,
芳名02.wak,吉田,1,あいう,かきく,,,,,,,,,
芳名01.wak,山形,1,海,,,,,,,,,,
芳名02.wak,山形,1,あいう,かきく,,,,,,,,,
